{"epoch": [0, 1, 2, 3, 4], "train_loss": [null, null, null, null, null], "val_loss": [0.2720217222068459, 0.2817287832626607, 0.3448654067522148, 0.4187528845091583, 0.37980771762900983], "accuracy": [0.899749373433584, 0.9100877192982456, 0.9110275689223057, 0.9019423558897243, 0.9053884711779449], "f1_score": [0.9000140892960472, 0.9097360512980892, 0.91060698823882, 0.9020578365215206, 0.9057981813622952]}