{"batch": [100, 200, 300, 400, 500, 600, 700, 800, 900, 1000, 1100, 1200, 1300, 1400, 1500, 1600, 1700, 1800, 1900, 2000, 2100, 2200, 2300, 2400, 2500, 2600, 2700, 2800, 2900, 3000, 3100, 3200, 3300], "train_loss": [0.7433227300643921, 0.4793327748775482, 0.20051464438438416, 0.32402822375297546, 0.38588809967041016, 0.34844067692756653, 0.3590834140777588, 0.4387005567550659, 0.25137484073638916, 0.2696431577205658, 0.3735523223876953, 0.02555183321237564, 0.3208039104938507, 0.014319753274321556, 0.013249857351183891, 0.047897905111312866, 0.11357279866933823, 0.020969297736883163, 0.19909453392028809, 0.053160425275564194, 0.031166234984993935, 0.005195909645408392, 0.007296636234968901, 0.0010969263967126608, 0.008447682484984398, 0.0014182690065354109, 0.005207978188991547, 0.0046458556316792965, 0.0024822629056870937, 0.0009731167228892446, 0.0007389780948869884, 0.003813545685261488, 0.0021537276916205883], "val_loss": [0.44853199161589147, 0.3737890101410449, 0.3512759519740939, 0.3704395907744765, 0.38968796376138926, 0.3012047021370381, 0.3121690943837166, 0.2743839466385543, 0.2886580201052129, 0.27096019707620145, 0.26181583617813886, 0.2989120251731947, 0.33872447930509225, 0.29307734381174666, 0.309347486004699, 0.3406106488103978, 0.31359069466008804, 0.29661867952381726, 0.31462512201163917, 0.33079107829369603, 0.27236088376957923, 0.29950221587438136, 0.29777592966915106, 0.3020721540413797, 0.30704344931524247, 0.3235965203098021, 0.32860472439439037, 0.34510667134425604, 0.3202131936370279, 0.3314263836777536, 0.3258391316246707, 0.32466661550482967, 0.32370865690667416], "f1": [0.8481086071432492, 0.8576058447043712, 0.8672448648535505, 0.8615556798820995, 0.849992457924941, 0.8838166580721414, 0.877289907510004, 0.8968021133653261, 0.8881860490363752, 0.8935082749861406, 0.9029464358788761, 0.8964699268580195, 0.888322662596365, 0.8943950897806501, 0.8936510748172212, 0.8857690855179221, 0.8926155396296858, 0.8972563915378167, 0.8985038270087429, 0.8969682558102902, 0.9009230755735494, 0.9026851900234635, 0.9067972457796315, 0.9102660949558978, 0.9090637335530194, 0.9109700426536476, 0.9078352868020553, 0.9066156847952345, 0.9084295766928838, 0.9068387829795962, 0.9131297199963261, 0.9124818706006914, 0.9107304151813926], "lr": [1.4749262536873157e-05, 2.9498525073746314e-05, 4.4247787610619477e-05, 4.900130975769483e-05, 4.7364112639161754e-05, 4.572691552062869e-05, 4.4089718402095615e-05, 4.245252128356254e-05, 4.081532416502947e-05, 3.91781270464964e-05, 3.754092992796333e-05, 3.5903732809430255e-05, 3.4266535690897186e-05, 3.262933857236412e-05, 3.099214145383104e-05, 2.9354944335297975e-05, 2.77177472167649e-05, 2.6080550098231826e-05, 2.4443352979698757e-05, 2.2806155861165684e-05, 2.1168958742632615e-05, 1.9531761624099542e-05, 1.7894564505566473e-05, 1.62573673870334e-05, 1.4620170268500327e-05, 1.2982973149967257e-05, 1.1345776031434186e-05, 9.708578912901113e-06, 8.071381794368042e-06, 6.434184675834972e-06, 4.796987557301899e-06, 3.159790438768828e-06, 1.5225933202357563e-06]}